hyperparams,train_MSE,train_MAE,train_RMSE,train_R2,test_MSE,test_MAE,test_RMSE,test_R2
RandomForest,790.6820309742335,15.519975731141303,28.119068814138092,0.9901315309402952,5595.755005202199,40.82143418831168,74.80477929385394,0.9292330359875922
