hyperparams,train_MSE,train_MAE,train_RMSE,train_R2,test_MSE,test_MAE,test_RMSE,test_R2
RandomForest,786.3875251700057,15.41028589797623,786.3875251700057,0.9901851304859981,5573.035391578035,40.73649226623823,5573.035391578035,0.9295203605895846
