hyperparams,train_MSE,train_MAE,train_RMSE,train_R2,test_MSE,test_MAE,test_RMSE,test_R2
RandomForest,774.286001316077,15.32086828123284,27.825995064257395,0.9903361690945025,5515.545090512593,40.54919891707993,74.26671589960466,0.9302474142334233
